clade	gene	site	alt
A	NA	39	L
A	NA	385	N
A.1	clade	A	
A.1	NA	39	I
A.1	NA	385	K
A.1	NA	269	K
A.1	NA	263	I
A.1.1	clade	A.1	
A.1.1	NA	448	D
A.1.1	NA	76	R
B	clade	A.1.1	
B	NA	50	K
B	NA	451	I
B	NA	73	S
B.1	clade	B	
B.1	NA	388	K
B.2	clade	B	
B.2	NA	51	N
B.2	nuc	943	C
B.2.1	clade	B.2	
B.2.1	NA	71	N
B.2.1	NA	39	T
B.3	clade	B	
B.3	NA	221	K
B.3	NA	65	F
B.3	NA	18	T
B.3.1	clade	B.3	
B.3.1	NA	15	A
B.3.1	nuc	829	C
B.3.1.1	clade	B.3.1	
B.3.1.1	NA	468	N
B.3.1.2	clade	B.3.1	
B.3.1.2	NA	365	N
C	clade	B.3	
C	NA	452	M
C	nuc	451	A
C	nuc	784	G
C.1	clade	C	
C.1	NA	263	T
C.1	nuc	880	A
C.2	clade	C	
C.2	NA	188	S
C.3	clade	C	
C.3	NA	256	K
C.3	NA	215	V
C.3	nuc	1171	G
C.4	clade	C	
C.4	NA	263	T
C.4	NA	79	M
C.4	nuc	94	G
C.4	NA	28	M
C.5	clade	C	
C.5	NA	468	N
C.5.1	clade	C.5	
C.5.1	NA	49	D
C.5.1	nuc	1312	G
C.5.1.1	clade	C.5.1	
C.5.1.1	NA	381	E
C.5.2	clade	C.5	
C.5.2	NA	12	V
C.5.2	nuc	1312	G
C.5.3	clade	C.5	
C.5.3	NA	199	N
C.5.3	nuc	1090	G
